MARCA,MODELO,VERS_SISTEMA
8849,TANK2,13
Alldocube,iPlay_30,10
Apple,iPad,16.3.1
Apple,iPad,17.4
Apple,iPad,16.6
Apple,iPad,17.3.1
Apple,iPad,18.1.1
Apple,iPad,18
Apple,iPad,16.1
Apple,iPad,18.0.1
Apple,iPad,17.2
Apple,iPad,16.4.1
Apple,iPad,17.6.1
Apple,iPad,17.1.2
Apple,iPad,18.2
Apple,iPad,18.3.1
Apple,iPad,17.5.1
Apple,iPad,17.0.2
Apple,iPad,15.7
Apple,iPad,18.3
Apple,iPad (10th generation),18.4
Apple,iPad (10th generation),17.6.1
Apple,iPad (10th generation),18.3.2
Apple,iPad (5th generation),16.7.7
Apple,iPad (6th generation),17.7.3
Apple,iPad (6th generation),17.5.1
Apple,iPad (7th generation),17.6.1
Apple,iPad (9th generation),17.6.1
Apple,iPad Air (4th generation),17.2
Apple,iPad Air (4th generation),17.6.1
Apple,iPad Air (4th generation),18.3.2
Apple,iPad Mini 4,15.6.1
Apple,iPad Mini 5,18
Apple,iPad Mini 5,17.6.1
Apple,iPad Pro 10.5-inch,17.4.1
Apple,iPad Pro 11-inch (3rd generation),18.3.2
Apple,iPad Pro 11-inch (3rd generation),18.1.1
Apple,iPad Pro 11-inch (5th generation),18.4
Apple,iPad Pro 12.9-inch (3rd generation),17.5.1
Apple,iPad Pro 12.9-inch (3rd generation),17.3.1
Apple,iPhone,17.7
Apple,iPhone,17.5.1
Apple,iPhone,16.4.1
Apple,iPhone,18.3.2
Apple,iPhone,16.0.2
Apple,iPhone,16.0.3
Apple,iPhone,18.2
Apple,iPhone,18.2.1
Apple,iPhone,18.3.1
Apple,iPhone,17.4.1
Apple,iPhone,17.2.1
Apple,iPhone,16.3
Apple,iPhone,17
Apple,iPhone,18.3
Apple,iPhone,17.0.2
Apple,iPhone,17.2
Apple,iPhone,18.0.1
Apple,iPhone,16.1.1
Apple,iPhone,17.5
Apple,iPhone,16.7.2
Apple,iPhone,17.3
Apple,iPhone,18.1.1
Apple,iPhone,17.6
Apple,iPhone,16
Apple,iPhone,16.1
Apple,iPhone,17.3.1
Apple,iPhone,16.1.2
Apple,iPhone,17.1.1
Apple,iPhone,16.5
Apple,iPhone,17.7.2
Apple,iPhone,16.5.1
Apple,iPhone,16.0.1
Apple,iPhone,18.1
Apple,iPhone,16.3.1
Apple,iPhone,16.6.1
Apple,iPhone,17.0.1
Apple,iPhone,17.1
Apple,iPhone,16.6
Apple,iPhone,16.2
Apple,iPhone,18
Apple,iPhone,17.4
Apple,iPhone,17.1.2
Apple,iPhone,17.0.3
Apple,iPhone,17.7.1
Apple,iPhone,17.6.1
Apple,iPhone 11,17.0.3
Apple,iPhone 11,16.0.3
Apple,iPhone 11,15.7
Apple,iPhone 11,16.1
Apple,iPhone 11,18.1.1
Apple,iPhone 11,17.5
Apple,iPhone 11,16.1.2
Apple,iPhone 11,18.3.2
Apple,iPhone 11,17.6
Apple,iPhone 11,17.2
Apple,iPhone 11,17.5.1
Apple,iPhone 11,17.1
Apple,iPhone 11,17.7.1
Apple,iPhone 11,15.5
Apple,iPhone 11,15.6.1
Apple,iPhone 11,17.1.1
Apple,iPhone 11,15.3.1
Apple,iPhone 11,18.3
Apple,iPhone 11,17.7.2
Apple,iPhone 11,16.5
Apple,iPhone 11,16
Apple,iPhone 11,17.4
Apple,iPhone 11,15.6
Apple,iPhone 11,16.5.1
Apple,iPhone 11,18.2.1
Apple,iPhone 11,16.3
Apple,iPhone 11,16.0.2
Apple,iPhone 11,16.1.1
Apple,iPhone 11,17.7
Apple,iPhone 11,18.3.1
Apple,iPhone 11,16.7
Apple,iPhone 11,16.7.2
Apple,iPhone 11,18.1
Apple,iPhone 11,18.4
Apple,iPhone 11,18.0.1
Apple,iPhone 11,17.3.1
Apple,iPhone 11,18.2
Apple,iPhone 11,16.6.1
Apple,iPhone 11,17.0.2
Apple,iPhone 11,17.3
Apple,iPhone 11,16.2
Apple,iPhone 11,16.4
Apple,iPhone 11,18
Apple,iPhone 11,17.1.2
Apple,iPhone 11,16.3.1
Apple,iPhone 11,16.4.1
Apple,iPhone 11,16.6
Apple,iPhone 11,17.4.1
Apple,iPhone 11,14.7.1
Apple,iPhone 11,17.2.1
Apple,iPhone 11,15.4.1
Apple,iPhone 11,17.6.1
Apple,iPhone 11 Pro,16.5.1
Apple,iPhone 11 Pro,17.5.1
Apple,iPhone 11 Pro,17.3.1
Apple,iPhone 11 Pro,18.1
Apple,iPhone 11 Pro,16.3.1
Apple,iPhone 11 Pro,17.7
Apple,iPhone 11 Pro,18.0.1
Apple,iPhone 11 Pro,18
Apple,iPhone 11 Pro,16.1.1
Apple,iPhone 11 Pro,16.3
Apple,iPhone 11 Pro,16.2
Apple,iPhone 11 Pro,16.6
Apple,iPhone 11 Pro,18.3.2
Apple,iPhone 11 Pro,15.2
Apple,iPhone 11 Pro,17.7.1
Apple,iPhone 11 Pro,17.3
Apple,iPhone 11 Pro,17.4.1
Apple,iPhone 11 Pro,18.3.1
Apple,iPhone 11 Pro,16.6.1
Apple,iPhone 11 Pro,15.5
Apple,iPhone 11 Pro,17.6.1
Apple,iPhone 11 Pro,17.6
Apple,iPhone 11 Pro,17.2.1
Apple,iPhone 11 Pro,17.1.2
Apple,iPhone 11 Pro,18.2.1
Apple,iPhone 11 Pro,16.1
Apple,iPhone 11 Pro,18.3
Apple,iPhone 11 Pro,18.1.1
Apple,iPhone 11 Pro,15.1
Apple,iPhone 11 Pro Max,17.6.1
Apple,iPhone 11 Pro Max,16
Apple,iPhone 11 Pro Max,18.0.1
Apple,iPhone 11 Pro Max,16.5
Apple,iPhone 11 Pro Max,17.5.1
Apple,iPhone 11 Pro Max,17.1.2
Apple,iPhone 11 Pro Max,16.5.1
Apple,iPhone 11 Pro Max,16.1.1
Apple,iPhone 11 Pro Max,18.1
Apple,iPhone 11 Pro Max,18.2
Apple,iPhone 11 Pro Max,17.4.1
Apple,iPhone 11 Pro Max,15.5
Apple,iPhone 11 Pro Max,18
Apple,iPhone 11 Pro Max,17.3.1
Apple,iPhone 11 Pro Max,17.6
Apple,iPhone 11 Pro Max,17.7
Apple,iPhone 11 Pro Max,17.2.1
Apple,iPhone 11 Pro Max,15.7
Apple,iPhone 11 Pro Max,18.3.2
Apple,iPhone 11 Pro Max,17.4
Apple,iPhone 11 Pro Max,18.3
Apple,iPhone 11 Pro Max,18.1.1
Apple,iPhone 11 Pro Max,16.3.1
Apple,iPhone 11 Pro Max,16.2
Apple,iPhone 11 Pro Max,16.6
Apple,iPhone 11 Pro Max,18.3.1
Apple,iPhone 11 Pro Max,16.3
Apple,iPhone 11 Pro Max,18.2.1
Apple,iPhone 11 Pro Max,17.5
Apple,iPhone 12,17.4.1
Apple,iPhone 12,16
Apple,iPhone 12,17.5.1
Apple,iPhone 12,16.3
Apple,iPhone 12,17.6
Apple,iPhone 12,18.0.1
Apple,iPhone 12,16.0.2
Apple,iPhone 12,17.2.1
Apple,iPhone 12,16.4.1
Apple,iPhone 12,16.3.1
Apple,iPhone 12,15.7
Apple,iPhone 12,17.7.1
Apple,iPhone 12,16.6.1
Apple,iPhone 12,17.1.1
Apple,iPhone 12,17.1.2
Apple,iPhone 12,17.6.1
Apple,iPhone 12,18
Apple,iPhone 12,17.2
Apple,iPhone 12,17.5
Apple,iPhone 12,18.3.2
Apple,iPhone 12,17.0.3
Apple,iPhone 12,16.6
Apple,iPhone 12,16.0.3
Apple,iPhone 12,17.7
Apple,iPhone 12,17.4
Apple,iPhone 12,16.2
Apple,iPhone 12,16.5.1
Apple,iPhone 12,17.0.1
Apple,iPhone 12,18.3
Apple,iPhone 12,17.7.2
Apple,iPhone 12,18.1
Apple,iPhone 12,16.1
Apple,iPhone 12,18.4
Apple,iPhone 12,15.2
Apple,iPhone 12,16.5
Apple,iPhone 12,16.4
Apple,iPhone 12,17.3
Apple,iPhone 12,18.2
Apple,iPhone 12,18.3.1
Apple,iPhone 12,17.0.2
Apple,iPhone 12,16.7
Apple,iPhone 12,15.1.1
Apple,iPhone 12,15.1
Apple,iPhone 12,18.2.1
Apple,iPhone 12,15.5
Apple,iPhone 12,16.1.1
Apple,iPhone 12,17.3.1
Apple,iPhone 12,15.6.1
Apple,iPhone 12,18.1.1
Apple,iPhone 12,16.1.2
Apple,iPhone 12 Pro,17.4
Apple,iPhone 12 Pro,18.2.1
Apple,iPhone 12 Pro,16.6.1
Apple,iPhone 12 Pro,18.0.1
Apple,iPhone 12 Pro,17.2.1
Apple,iPhone 12 Pro,17.5
Apple,iPhone 12 Pro,16
Apple,iPhone 12 Pro,18.3.2
Apple,iPhone 12 Pro,17.5.1
Apple,iPhone 12 Pro,18.2
Apple,iPhone 12 Pro,17.0.2
Apple,iPhone 12 Pro,17.4.1
Apple,iPhone 12 Pro,18.1
Apple,iPhone 12 Pro,17.6.1
Apple,iPhone 12 Pro,17.7
Apple,iPhone 12 Pro,17.6
Apple,iPhone 12 Pro,18
Apple,iPhone 12 Pro,17
Apple,iPhone 12 Pro,16.1.1
Apple,iPhone 12 Pro,17.1.2
Apple,iPhone 12 Pro,16.4.1
Apple,iPhone 12 Pro,16.1.2
Apple,iPhone 12 Pro,16.2
Apple,iPhone 12 Pro,18.3
Apple,iPhone 12 Pro,18.1.1
Apple,iPhone 12 Pro,18.3.1
Apple,iPhone 12 Pro,18.4
Apple,iPhone 12 Pro,17.3
Apple,iPhone 12 Pro,17.3.1
Apple,iPhone 12 Pro,17.2
Apple,iPhone 12 Pro,16.6
Apple,iPhone 12 Pro,16.3.1
Apple,iPhone 12 mini,18.0.1
Apple,iPhone 12 mini,17.6
Apple,iPhone 12 mini,15.6.1
Apple,iPhone 12 mini,17.6.1
Apple,iPhone 12 mini,17.1.2
Apple,iPhone 12 mini,18.3.1
Apple,iPhone 12 mini,16.6
Apple,iPhone 12 mini,16.1.2
Apple,iPhone 12 mini,18.3
Apple,iPhone 12 mini,18.2
Apple,iPhone 12 mini,15.5
Apple,iPhone 12 mini,17.1.1
Apple,iPhone 12 mini,17.7
Apple,iPhone 12 mini,18.1
Apple,iPhone 12 mini,18.3.2
Apple,iPhone 12 mini,16.3.1
Apple,iPhone 12 mini,17.7.1
Apple,iPhone 12 mini,16.4.1
Apple,iPhone 12 mini,16.1.1
Apple,iPhone 12 mini,18.2.1
Apple,iPhone 12 mini,16.7
Apple,iPhone 12 mini,17.5.1
Apple,iPhone 12 mini,18.1.1
Apple,iPhone 12 mini,17.3.1
Apple,iPhone 12 mini,17
Apple,iPhone 12 mini,17.4.1
Apple,iPhone 12 mini,18
Apple,iPhone 12 mini,16.0.2
Apple,iPhone 12 mini,17.2.1
Apple,iPhone 13,16.1.2
Apple,iPhone 13,15.4.1
Apple,iPhone 13,18.0.1
Apple,iPhone 13,15.1.1
Apple,iPhone 13,17.4
Apple,iPhone 13,17.7
Apple,iPhone 13,16.5
Apple,iPhone 13,18.3.1
Apple,iPhone 13,17.1.1
Apple,iPhone 13,17
Apple,iPhone 13,18
Apple,iPhone 13,16
Apple,iPhone 13,16.6.1
Apple,iPhone 13,17.6.1
Apple,iPhone 13,17.4.1
Apple,iPhone 13,16.2
Apple,iPhone 13,17.3.1
Apple,iPhone 13,16.5.1
Apple,iPhone 13,17.5
Apple,iPhone 13,15.6.1
Apple,iPhone 13,17.7.1
Apple,iPhone 13,18.1
Apple,iPhone 13,16.1.1
Apple,iPhone 13,18.3
Apple,iPhone 13,17.1.2
Apple,iPhone 13,18.4
Apple,iPhone 13,17.3
Apple,iPhone 13,17.0.3
Apple,iPhone 13,16.0.2
Apple,iPhone 13,15.2
Apple,iPhone 13,18.2.1
Apple,iPhone 13,16.7.2
Apple,iPhone 13,16.0.3
Apple,iPhone 13,16.6
Apple,iPhone 13,17.2
Apple,iPhone 13,15.4
Apple,iPhone 13,15.5
Apple,iPhone 13,18.1.1
Apple,iPhone 13,18.2
Apple,iPhone 13,17.6
Apple,iPhone 13,18.3.2
Apple,iPhone 13,17.2.1
Apple,iPhone 13,16.7
Apple,iPhone 13,17.5.1
Apple,iPhone 13,17.0.2
Apple,iPhone 13,16.3
Apple,iPhone 13,16.3.1
Apple,iPhone 13,16.1
Apple,iPhone 13,16.4.1
Apple,iPhone 13 Pro,18.2
Apple,iPhone 13 Pro,18.4
Apple,iPhone 13 Pro,18.3.1
Apple,iPhone 13 Pro,16.5.1
Apple,iPhone 13 Pro,18.3
Apple,iPhone 13 Pro,17.0.1
Apple,iPhone 13 Pro,17.7
Apple,iPhone 13 Pro,17.0.2
Apple,iPhone 13 Pro,15.5
Apple,iPhone 13 Pro,16.7.2
Apple,iPhone 13 Pro,17.3
Apple,iPhone 13 Pro,17.6.1
Apple,iPhone 13 Pro,16.1.1
Apple,iPhone 13 Pro,17.5.1
Apple,iPhone 13 Pro,18.2.1
Apple,iPhone 13 Pro,16.6.1
Apple,iPhone 13 Pro,16.1
Apple,iPhone 13 Pro,18.5
Apple,iPhone 13 Pro,16.1.2
Apple,iPhone 13 Pro,18
Apple,iPhone 13 Pro,17.6
Apple,iPhone 13 Pro,17.1.1
Apple,iPhone 13 Pro,17.4
Apple,iPhone 13 Pro,17.2.1
Apple,iPhone 13 Pro,16.3.1
Apple,iPhone 13 Pro,17.4.1
Apple,iPhone 13 Pro,16
Apple,iPhone 13 Pro,18.1.1
Apple,iPhone 13 Pro,16.2
Apple,iPhone 13 Pro,17.7.2
Apple,iPhone 13 Pro,18.1
Apple,iPhone 13 Pro,17.3.1
Apple,iPhone 13 Pro,18.3.2
Apple,iPhone 13 Pro,17.5
Apple,iPhone 13 Pro,17.7.1
Apple,iPhone 13 Pro,16.6
Apple,iPhone 13 Pro,18.0.1
Apple,iPhone 13 Pro,16.0.2
Apple,iPhone 13 Pro,16.0.3
Apple,iPhone 13 Pro,17.1.2
Apple,iPhone 13 Pro,17.1
Apple,iPhone 13 Pro Max,18.2
Apple,iPhone 13 Pro Max,17.5.1
Apple,iPhone 13 Pro Max,17.4
Apple,iPhone 13 Pro Max,18.1.1
Apple,iPhone 13 Pro Max,17.2
Apple,iPhone 13 Pro Max,16.1.1
Apple,iPhone 13 Pro Max,17.1.2
Apple,iPhone 13 Pro Max,17.6.1
Apple,iPhone 13 Pro Max,18
Apple,iPhone 13 Pro Max,18.3.2
Apple,iPhone 13 Pro Max,17.6
Apple,iPhone 13 Pro Max,17.5
Apple,iPhone 13 Pro Max,16.7.2
Apple,iPhone 13 Pro Max,16.2
Apple,iPhone 13 Pro Max,16.7.1
Apple,iPhone 13 Pro Max,17.4.1
Apple,iPhone 13 Pro Max,16.1
Apple,iPhone 13 Pro Max,18.3
Apple,iPhone 13 Pro Max,17.7
Apple,iPhone 13 Pro Max,15.5
Apple,iPhone 13 Pro Max,18.1
Apple,iPhone 13 Pro Max,16.3.1
Apple,iPhone 13 Pro Max,17.7.2
Apple,iPhone 13 Pro Max,16.3
Apple,iPhone 13 Pro Max,17.0.3
Apple,iPhone 13 Pro Max,17.3.1
Apple,iPhone 13 Pro Max,16.6
Apple,iPhone 13 Pro Max,16.6.1
Apple,iPhone 13 Pro Max,16.0.3
Apple,iPhone 13 Pro Max,18.0.1
Apple,iPhone 13 Pro Max,18.3.1
Apple,iPhone 13 Pro Max,18.2.1
Apple,iPhone 13 Pro Max,16.1.2
Apple,iPhone 13 Pro Max,16
Apple,iPhone 13 Pro Max,17.2.1
Apple,iPhone 13 Pro Max,15.6.1
Apple,iPhone 13 Pro Max,15.4.1
Apple,iPhone 13 Pro Max,17.1
Apple,iPhone 13 mini,16.0.2
Apple,iPhone 13 mini,17.5.1
Apple,iPhone 13 mini,18.1.1
Apple,iPhone 13 mini,16
Apple,iPhone 13 mini,17.6
Apple,iPhone 13 mini,16.1.1
Apple,iPhone 13 mini,16.6
Apple,iPhone 13 mini,18.2
Apple,iPhone 13 mini,16.6.1
Apple,iPhone 13 mini,18.4
Apple,iPhone 13 mini,16.2
Apple,iPhone 13 mini,18.0.1
Apple,iPhone 13 mini,17.7
Apple,iPhone 13 mini,16.1.2
Apple,iPhone 13 mini,18.1
Apple,iPhone 13 mini,16.1
Apple,iPhone 13 mini,18.3.2
Apple,iPhone 13 mini,17.7.1
Apple,iPhone 13 mini,18.3.1
Apple,iPhone 13 mini,16.5.1
Apple,iPhone 13 mini,16.3.1
Apple,iPhone 13 mini,17.4
Apple,iPhone 13 mini,17.3.1
Apple,iPhone 13 mini,17.5
Apple,iPhone 13 mini,18
Apple,iPhone 13 mini,18.3
Apple,iPhone 13 mini,16.3
Apple,iPhone 13 mini,17.2.1
Apple,iPhone 13 mini,18.2.1
Apple,iPhone 13 mini,17.6.1
Apple,iPhone 13 mini,17.4.1
Apple,iPhone 14,16.1
Apple,iPhone 14,16.0.2
Apple,iPhone 14,18.3
Apple,iPhone 14,17.1.2
Apple,iPhone 14,18.4
Apple,iPhone 14,16.5.1
Apple,iPhone 14,18.1
Apple,iPhone 14,18
Apple,iPhone 14,18.3.1
Apple,iPhone 14,18.3.2
Apple,iPhone 14,17.4.1
Apple,iPhone 14,18.0.1
Apple,iPhone 14,18.1.1
Apple,iPhone 14,17.6.1
Apple,iPhone 14,17.5.1
Apple,iPhone 14,18.2
Apple,iPhone 14 Plus,18.2
Apple,iPhone 14 Plus,17.5.1
Apple,iPhone 14 Plus,18.2.1
Apple,iPhone 14 Plus,18.1.1
Apple,iPhone 14 Plus,17.6.1
Apple,iPhone 14 Plus,18.4
Apple,iPhone 14 Plus,18.3.2
Apple,iPhone 14 Plus,18.3.1
Apple,iPhone 14 Pro,18.2.1
Apple,iPhone 14 Pro,17.6.1
Apple,iPhone 14 Pro,18
Apple,iPhone 14 Pro,18.2
Apple,iPhone 14 Pro,17.5.1
Apple,iPhone 14 Pro,18.3
Apple,iPhone 14 Pro,18.4
Apple,iPhone 14 Pro,16.6.1
Apple,iPhone 14 Pro,18.3.2
Apple,iPhone 14 Pro,16.3.1
Apple,iPhone 14 Pro,18.3.1
Apple,iPhone 14 Pro,18.1
Apple,iPhone 14 Pro,16.5.1
Apple,iPhone 14 Pro,18.1.1
Apple,iPhone 14 Pro,16.2
Apple,iPhone 14 Pro,18.0.1
Apple,iPhone 14 Pro Max,18.0.1
Apple,iPhone 14 Pro Max,18.2.1
Apple,iPhone 14 Pro Max,18.3
Apple,iPhone 14 Pro Max,18.1
Apple,iPhone 14 Pro Max,18.4
Apple,iPhone 14 Pro Max,18.3.2
Apple,iPhone 14 Pro Max,18.2
Apple,iPhone 14 Pro Max,17.0.1
Apple,iPhone 14 Pro Max,18
Apple,iPhone 14 Pro Max,17.7.2
Apple,iPhone 14 Pro Max,18.1.1
Apple,iPhone 14 Pro Max,17.6.1
Apple,iPhone 14 Pro Max,17.5.1
Apple,iPhone 14 Pro Max,18.3.1
Apple,iPhone 14 Pro Max,16.4.1
Apple,iPhone 15,18.1
Apple,iPhone 15,18.3.2
Apple,iPhone 15,18.0.1
Apple,iPhone 15,17.6
Apple,iPhone 15,18.3.1
Apple,iPhone 15,18.2.1
Apple,iPhone 15,18.3
Apple,iPhone 15,17.6.1
Apple,iPhone 15,18.1.1
Apple,iPhone 15,17.5.1
Apple,iPhone 15,18
Apple,iPhone 15,18.4
Apple,iPhone 15 Plus,18.3.2
Apple,iPhone 15 Plus,17.6.1
Apple,iPhone 15 Plus,18.3.1
Apple,iPhone 15 Plus,18.1
Apple,iPhone 15 Plus,18.1.1
Apple,iPhone 15 Plus,18.2.1
Apple,iPhone 15 Pro,18.3.2
Apple,iPhone 15 Pro,18.2.1
Apple,iPhone 15 Pro,18.4
Apple,iPhone 15 Pro,18.1.1
Apple,iPhone 15 Pro,18.1
Apple,iPhone 15 Pro,18.3.1
Apple,iPhone 15 Pro,18.0.1
Apple,iPhone 15 Pro,17.6.1
Apple,iPhone 15 Pro,18.2
Apple,iPhone 15 Pro,17.5.1
Apple,iPhone 15 Pro,18.3
Apple,iPhone 15 Pro Max,17.7
Apple,iPhone 15 Pro Max,18
Apple,iPhone 15 Pro Max,18.1.1
Apple,iPhone 15 Pro Max,18.3.2
Apple,iPhone 15 Pro Max,18.1
Apple,iPhone 15 Pro Max,18.0.1
Apple,iPhone 15 Pro Max,18.2
Apple,iPhone 15 Pro Max,18.2.1
Apple,iPhone 15 Pro Max,17.6
Apple,iPhone 15 Pro Max,18.3
Apple,iPhone 15 Pro Max,18.4
Apple,iPhone 15 Pro Max,18.3.1
Apple,iPhone 15 Pro Max,17.6.1
Apple,iPhone 16,18.4
Apple,iPhone 16,18.0.1
Apple,iPhone 16,18.1.1
Apple,iPhone 16,18.3
Apple,iPhone 16,18.3.1
Apple,iPhone 16,18.3.2
Apple,iPhone 16,18.2
Apple,iPhone 16,18.1
Apple,iPhone 16,18.2.1
Apple,iPhone 16 Plus,18.3.2
Apple,iPhone 16 Plus,18.2
Apple,iPhone 16 Plus,18.3.1
Apple,iPhone 16 Plus,18.4
Apple,iPhone 16 Pro,18.4
Apple,iPhone 16 Pro,18.0.1
Apple,iPhone 16 Pro,18.3.2
Apple,iPhone 16 Pro,18.2.1
Apple,iPhone 16 Pro,18.3
Apple,iPhone 16 Pro,18.3.1
Apple,iPhone 16 Pro,18.1.1
Apple,iPhone 16 Pro,18.1
Apple,iPhone 16 Pro,18.2
Apple,iPhone 16 Pro Max,18.3.2
Apple,iPhone 16 Pro Max,18.4
Apple,iPhone 16 Pro Max,18.3.1
Apple,iPhone 16 Pro Max,18.3
Apple,iPhone 16 Pro Max,18.1.1
Apple,iPhone 16 Pro Max,18.1
Apple,iPhone 16 Pro Max,18.2
Apple,iPhone 16 Pro Max,18.2.1
Apple,iPhone 16 Pro Max,18.0.1
Apple,iPhone 6s,15.8.1
Apple,iPhone 6s,15.7.3
Apple,iPhone 6s,15.7.9
Apple,iPhone 6s,15.8
Apple,iPhone 6s,15.8.2
Apple,iPhone 6s,15.7.8
Apple,iPhone 6s,15.8.3
Apple,iPhone 6s,15.3
Apple,iPhone 6s,15.7.6
Apple,iPhone 6s,15.6.1
Apple,iPhone 6s,14.4.1
Apple,iPhone 6s Plus,13.3
Apple,iPhone 6s Plus,15.8.3
Apple,iPhone 6s Plus,15.7.6
Apple,iPhone 6s Plus,15.8.2
Apple,iPhone 7,15.8.3
Apple,iPhone 7,15.8.1
Apple,iPhone 7,15.7.5
Apple,iPhone 7,15.8
Apple,iPhone 7,15.2
Apple,iPhone 7,15.7.1
Apple,iPhone 7,15.0.2
Apple,iPhone 7,15.8.2
Apple,iPhone 7 Plus,15.8.1
Apple,iPhone 7 Plus,14.7.1
Apple,iPhone 7 Plus,15.8
Apple,iPhone 7 Plus,15.8.2
Apple,iPhone 7 Plus,15.5
Apple,iPhone 7 Plus,15.8.3
Apple,iPhone 8,16.5
Apple,iPhone 8,15.5
Apple,iPhone 8,15.7.2
Apple,iPhone 8,16.7.4
Apple,iPhone 8,15.6.1
Apple,iPhone 8,16.1.1
Apple,iPhone 8,16.3.1
Apple,iPhone 8,16.7.5
Apple,iPhone 8,15.4
Apple,iPhone 8,16.7.1
Apple,iPhone 8,16.7.10
Apple,iPhone 8,16.7.7
Apple,iPhone 8,16
Apple,iPhone 8,15.3.1
Apple,iPhone 8,16.1.2
Apple,iPhone 8,16.7.2
Apple,iPhone 8,16.7.8
Apple,iPhone 8,16.3
Apple,iPhone 8 Plus,16.7.4
Apple,iPhone 8 Plus,16.5.1
Apple,iPhone 8 Plus,16.3.1
Apple,iPhone 8 Plus,16.5
Apple,iPhone 8 Plus,16.7.9
Apple,iPhone 8 Plus,16.7.7
Apple,iPhone 8 Plus,16.7.10
Apple,iPhone 8 Plus,16.3
Apple,iPhone 8 Plus,16.7.8
Apple,iPhone 8 Plus,15.6
Apple,iPhone 8 Plus,16.7.5
Apple,iPhone 8 Plus,16
Apple,iPhone 8 Plus,16.7.2
Apple,iPhone 8 Plus,16.1.1
Apple,iPhone SE,15.8.3
Apple,iPhone SE,18
Apple,iPhone SE,17.4
Apple,iPhone SE,15.6.1
Apple,iPhone SE,16.6.1
Apple,iPhone SE,18.1.1
Apple,iPhone SE,18.2
Apple,iPhone SE,17.6
Apple,iPhone SE,16.2
Apple,iPhone SE,17.5.1
Apple,iPhone SE,18.3
Apple,iPhone SE,16.7
Apple,iPhone SE,15
Apple,iPhone SE,15.8.2
Apple,iPhone SE,17.4.1
Apple,iPhone SE,15.6
Apple,iPhone SE,15.7.3
Apple,iPhone SE,16.6
Apple,iPhone SE,18.2.1
Apple,iPhone SE,16.3
Apple,iPhone SE,17.3.1
Apple,iPhone SE,18.1
Apple,iPhone SE,17.3
Apple,iPhone SE,17.7.1
Apple,iPhone SE,15.3.1
Apple,iPhone SE,17.2.1
Apple,iPhone SE,16.1.1
Apple,iPhone SE,17.6.1
Apple,iPhone SE,16.1.2
Apple,iPhone SE,18.0.1
Apple,iPhone SE,16.3.1
Apple,iPhone SE,16
Apple,iPhone SE,17.0.3
Apple,iPhone SE,15.8
Apple,iPhone SE,16.7.1
Apple,iPhone SE,18.3.2
Apple,iPhone SE,18.3.1
Apple,iPhone X,16.2
Apple,iPhone X,16
Apple,iPhone X,16.7.8
Apple,iPhone X,16.7.5
Apple,iPhone X,16.7.4
Apple,iPhone X,16.7.10
Apple,iPhone X,15.6.1
Apple,iPhone X,16.1.1
Apple,iPhone X,16.5.1
Apple,iPhone X,16.7.7
Apple,iPhone X,16.0.2
Apple,iPhone XR,17.0.2
Apple,iPhone XR,17.5
Apple,iPhone XR,17.4
Apple,iPhone XR,16.1
Apple,iPhone XR,16.6.1
Apple,iPhone XR,15.6.1
Apple,iPhone XR,16.3
Apple,iPhone XR,17.6
Apple,iPhone XR,14.8.1
Apple,iPhone XR,17.3
Apple,iPhone XR,18.2
Apple,iPhone XR,17.1.1
Apple,iPhone XR,18.3.2
Apple,iPhone XR,15.0.2
Apple,iPhone XR,16.6
Apple,iPhone XR,17.4.1
Apple,iPhone XR,15.5
Apple,iPhone XR,17.7
Apple,iPhone XR,16.2
Apple,iPhone XR,15.3.1
Apple,iPhone XR,18.2.1
Apple,iPhone XR,18.3.1
Apple,iPhone XR,18.1
Apple,iPhone XR,18
Apple,iPhone XR,17.5.1
Apple,iPhone XR,18.0.1
Apple,iPhone XR,16.1.2
Apple,iPhone XR,18.1.1
Apple,iPhone XR,16
Apple,iPhone XR,16.0.3
Apple,iPhone XR,17.2.1
Apple,iPhone XR,18.3
Apple,iPhone XR,17.2
Apple,iPhone XR,17.0.3
Apple,iPhone XR,16.1.1
Apple,iPhone XR,17.3.1
Apple,iPhone XR,17.1.2
Apple,iPhone XR,16.0.2
Apple,iPhone XR,16.3.1
Apple,iPhone XR,17.6.1
Apple,iPhone XR,17.7.2
Apple,iPhone XS,17.7.2
Apple,iPhone XS,18.3.1
Apple,iPhone XS,18.3
Apple,iPhone XS,17.3.1
Apple,iPhone XS,18.1.1
Apple,iPhone XS,16
Apple,iPhone XS,17.4.1
Apple,iPhone XS,17.5.1
Apple,iPhone XS,15.6.1
Apple,iPhone XS,14.1
Apple,iPhone XS,16.6
Apple,iPhone XS,17.1.2
Apple,iPhone XS,16.1.1
Apple,iPhone XS,18.4
Apple,iPhone XS,16.0.2
Apple,iPhone XS,15.6
Apple,iPhone XS,18.0.1
Apple,iPhone XS,16.0.3
Apple,iPhone XS,18
Apple,iPhone XS,17.1.1
Apple,iPhone XS,16.4.1
Apple,iPhone XS,18.2
Apple,iPhone XS,16.5
Apple,iPhone XS,16.2
Apple,iPhone XS,17.6.1
Apple,iPhone XS,17.7.1
Apple,iPhone XS,17.7
Apple,iPhone XS,15.2.1
Apple,iPhone XS,16.3.1
Apple,iPhone XS,18.3.2
Apple,iPhone XS Max,16.4.1
Apple,iPhone XS Max,17.4.1
Apple,iPhone XS Max,18.3.1
Apple,iPhone XS Max,15.6.1
Apple,iPhone XS Max,16.5.1
Apple,iPhone XS Max,17.3.1
Apple,iPhone XS Max,18.0.1
Apple,iPhone XS Max,17.1.2
Apple,iPhone XS Max,16.1.2
Apple,iPhone XS Max,16.6
Apple,iPhone XS Max,17.4
Apple,iPhone XS Max,16.5
Apple,iPhone XS Max,14.8
Apple,iPhone XS Max,18
Apple,iPhone XS Max,15.7.1
Apple,iPhone XS Max,18.1.1
Apple,iPhone XS Max,16.1.1
Apple,iPhone XS Max,16.2
Apple,iPhone XS Max,17.6.1
Apple,iPhone XS Max,16.3.1
Apple,iPhone XS Max,17.5.1
Apple,iPhone XS Max,18.3.2
Apple,iPhone XS Max,17.1.1
Apple,iPhone XS Max,18.2
Apple,iPhone XS Max,17.7
BLU,G61,10
BLU,G8,9
Blackview,BL9000 Pro,14
CUBOT,KINGKONG 9,13
Cat,S62 Pro,11
Coolpad,CP3503L,10
Coolpad,CP3504L,10
DOOGEE,S100,12
DOOGEE,S110,13
DOOGEE,S88Plus,10
DOOGEE,S89Pro,12
DOOGEE,S96Pro,10
DOOGEE,S98,12
DOOGEE,V Max,12
DOOGEE,V10,11
DOOGEE,V20Pro,12
FreeYond,M5,12
HONOR,ABR-LX3,15
HONOR,ALI-NX1,14
HONOR,ALI-NX3,14
HONOR,ALI-NX3,13
HONOR,ALT-LX3,14
HONOR,ALT-NX3,14
HONOR,ANY-LX3,13
HONOR,ANY-LX3,11
HONOR,BRC-NX1,14
HONOR,BRP-NX3,14
HONOR,BVL-N49,14
HONOR,CLK-LX3,14
HONOR,CLK-LX3,13
HONOR,CMA-LX3,13
HONOR,CMA-LX3,11
HONOR,CRT-LX3,12
HONOR,CRT-LX3,14
HONOR,CRT-NX3,13
HONOR,CRT-NX3,14
HONOR,ELI-NX9,14
HONOR,ELI-NX9,15
HONOR,ELN-L03,13
HONOR,ELP-NX9,14
HONOR,FNE-NX9,13
HONOR,FNE-NX9,14
HONOR,GFY-LX3,14
HONOR,JDY-LX3,14
HONOR,JDY-LX3P,14
HONOR,JSN-L23,9
HONOR,JSN-L23,10
HONOR,LGE-NX9,14
HONOR,LLY-LX3,14
HONOR,LLY-LX3,13
HONOR,LLY-NX3,14
HONOR,NTH-NX9,13
HONOR,NTN-LX3,13
HONOR,PGT-N19,13
HONOR,PGT-N19,14
HONOR,PTP-N49,15
HONOR,RBN-NX3,14
HONOR,REA-NX9,13
HONOR,REA-NX9,14
HONOR,REP-AN00,14
HONOR,RKY-LX3,14
HONOR,RKY-LX3,12
HONOR,RMO-NX3,12
HONOR,RMO-NX3,13
HONOR,TFY-LX3,11
HONOR,TFY-LX3,13
HONOR,VNA-LX3,12
HONOR,VNE-LX3,14
HONOR,VNE-LX3,12
HONOR,WDY-LX3,14
HONOR,WDY-LX3,13
HONOR,WOD-LX3,14
HONOR,WOD-LX3,13
HUAWEI,ADY-LX9,12
HUAWEI,AMN-LX3,9
HUAWEI,ANA-LX4,10
HUAWEI,ANE-LX1,9
HUAWEI,ANE-LX2J,9
HUAWEI,ANE-LX3,8.0.0
HUAWEI,ANE-LX3,9
HUAWEI,BAC-L03,8.0.0
HUAWEI,BLA-L09,10
HUAWEI,BLA-L29,10
HUAWEI,CLT-L09,10
HUAWEI,CLT-L29,10
HUAWEI,CLT-L29,8.1.0
HUAWEI,DUB-LX1,8.1.0
HUAWEI,DUB-LX3,8.1.0
HUAWEI,ELE-L04,10
HUAWEI,ELE-L29,9
HUAWEI,ELE-L29,10
HUAWEI,ELS-N04,10
HUAWEI,EML-L09,10
HUAWEI,EML-L09,9
HUAWEI,FIG-LX3,9
HUAWEI,FIG-LX3,8.0.0
HUAWEI,FLA-LX3,9
HUAWEI,FOA-LX9,12
HUAWEI,GLA-LX3,12
HUAWEI,HBN-LX9,12
HUAWEI,HBP-LX9,12
HUAWEI,HMA-L29,10
HUAWEI,JAD-LX9,12
HUAWEI,JKM-LX3,9
HUAWEI,JLN-LX3,12
HUAWEI,JNY-LX2,10
HUAWEI,LYA-L09,10
HUAWEI,LYA-L29,9
HUAWEI,LYA-L29,10
HUAWEI,MAO-LX9,12
HUAWEI,MAR-LX1B,10
HUAWEI,MAR-LX3A,9
HUAWEI,MAR-LX3A,10
HUAWEI,MAR-LX3Am,9
HUAWEI,MAR-LX3Bm,9
HUAWEI,MAR-LX3Bm,10
HUAWEI,MIS-LX9,12
HUAWEI,MNA-LX9,12
HUAWEI,MRD-LX3,9
HUAWEI,NAM-LX9,12
HUAWEI,POT-LX3,10
HUAWEI,POT-LX3,9
HUAWEI,PRA-LX3,8.0.0
HUAWEI,RNE-L23,8.0.0
HUAWEI,SNE-LX3,10
HUAWEI,SNE-LX3,8.1.0
HUAWEI,STG-LX2,12
HUAWEI,STK-LX3,10
HUAWEI,STK-LX3,9
HUAWEI,VKY-L29,9
HUAWEI,VKY-L29,8.0.0
HUAWEI,VOG-AL00,10
HUAWEI,VOG-L04,9
HUAWEI,VOG-L04,10
HUAWEI,VOG-L29,10
HUAWEI,VTR-L09,9
HUAWEI,YAL-L21,10
Infinix,Infinix X670,13
Infinix,Infinix X6731B,14
Infinix,Infinix X678B,14
Infinix,Infinix X6837,13
Infinix,Infinix X6850,14
Infinix,Infinix X6851B,14
Infinix,Infinix X6860,14
Infinix,Infinix X6861,14
Infinix,Infinix X6871,14
Infinix,Infinix X6880,14
Infinix,Infinix X6882,14
Lenovo,Lenovo L18021,8.1.0
Lenovo,Lenovo L71061,12
Lenovo,Lenovo L71091,12
Lenovo,Lenovo TB-8304F1,7
Lenovo,Lenovo TB-J606F,11
Lenovo,Lenovo TB-J606L,11
Lenovo,Lenovo TB-X306F,10
Lenovo,Lenovo TB-X306X,11
Lenovo,Lenovo TB-X505F,10
Lenovo,Lenovo TB125FU,13
Lenovo,Lenovo TB128FU,13
Lenovo,Lenovo TB128FU,12
Lenovo,Lenovo TB128XU,13
Lenovo,Lenovo YT-J706F,12
Lenovo,Lenovo YT-X705F,10
Lenovo,TB328FU,12
Lenovo,TB328XU,12
Lenovo,TB330XU,14
Lenovo,TB350XU,13
Lenovo,TB350XU,14
Lenovo,TB370FU,14
MIRAY,TPM4G_E108,12
Nokia,Nokia 1.3,11
Nokia,Nokia 2.3,11
Nokia,Nokia 2.4,12
Nokia,Nokia 5.3,12
Nokia,Nokia 5.4,12
Nokia,Nokia 6.1,10
Nokia,Nokia 6.2,11
Nokia,Nokia 7.2,11
Nokia,Nokia 8.3 5G,12
Nokia,Nokia G20,13
Nokia,Nokia G50,13
Nokia,TA-1039,9
Nothing,A063,14
Nothing,A065,14
OPPO,CPH1943,10
OPPO,CPH2145,13
OPPO,CPH2173,11
OPPO,CPH2211,13
OPPO,CPH2239,11
OPPO,CPH2269,11
OPPO,CPH2273,13
OPPO,CPH2343,13
OPPO,CPH2353,13
OPPO,CPH2357,12
OPPO,CPH2363,14
OPPO,CPH2363,12
OPPO,CPH2363,13
OPPO,CPH2365,13
OPPO,CPH2385,14
OPPO,CPH2385,13
OPPO,CPH2387,13
OPPO,CPH2387,14
OPPO,CPH2387,12
OPPO,CPH2477,12
OPPO,CPH2483,14
OPPO,CPH2531,15
OPPO,CPH2531,13
OPPO,CPH2531,14
OPPO,CPH2557,13
OPPO,CPH2557,14
OPPO,CPH2565,13
OPPO,CPH2565,14
OPPO,CPH2577,13
OPPO,CPH2577,14
OPPO,CPH2577,15
OPPO,CPH2579,13
OPPO,CPH2579,14
OPPO,CPH2599,14
OPPO,CPH2599,15
OPPO,CPH2603,15
OPPO,CPH2603,14
OPPO,CPH2625,15
OPPO,CPH2625,14
OPPO,CPH2637,15
OPPO,CPH2637,14
OPPO,CPH2639,15
OPPO,CPH2639,14
OPPO,CPH2669,14
OPPO,CPH2699,15
OPPO,CPH3669,14
OPPO,PCKM00,11
OUKITEL,WP19,12
OnePlus,AC2001,12
OnePlus,AC2003,12
OnePlus,BE2025,11
OnePlus,BE2029,11
OnePlus,CPH2399,12
OnePlus,CPH2413,12
OnePlus,CPH2447,15
OnePlus,CPH2447,14
OnePlus,CPH2449,15
OnePlus,CPH2449,14
OnePlus,CPH2451,14
OnePlus,CPH2451,15
OnePlus,CPH2493,14
OnePlus,CPH2581,14
OnePlus,CPH2581,15
OnePlus,CPH2583,14
OnePlus,CPH2583,15
OnePlus,CPH2611,14
OnePlus,DE2118,12
OnePlus,DN2103,12
OnePlus,DN2103,13
OnePlus,EB2103,13
OnePlus,GM1910,12
OnePlus,GM1917,12
OnePlus,GM1925,10
OnePlus,GN2200,12
OnePlus,HD1905,12
OnePlus,HD1907,12
OnePlus,IN2013,13
OnePlus,IN2015,13
OnePlus,IN2025,13
OnePlus,KB2001,14
OnePlus,KB2003,14
OnePlus,KB2003,13
OnePlus,KB2005,14
OnePlus,LE2111,13
OnePlus,LE2115,14
OnePlus,LE2115,13
OnePlus,LE2117,11
OnePlus,LE2117,14
OnePlus,LE2121,14
OnePlus,LE2125,14
OnePlus,LE2127,14
OnePlus,NE2213,14
OnePlus,NE2215,14
OnePlus,NE2217,14
OnePlus,ONEPLUS A5010,10
OnePlus,ONEPLUS A6000,11
OnePlus,ONEPLUS A6013,11
POCO,21061110AG,13
POCO,21061110AG,12
POCO,21091116AG,13
POCO,21091116AG,11
POCO,21121210G,14
POCO,21121210G,13
POCO,2201116PG,11
POCO,2201116PG,12
POCO,2201116PG,13
POCO,2201117PG,12
POCO,2201117PG,13
POCO,2201117PG,11
POCO,22021211RG,13
POCO,22021211RG,14
POCO,22041216G,12
POCO,22041216G,13
POCO,22041216G,14
POCO,2207117BPG,13
POCO,2207117BPG,12
POCO,22071219CG,14
POCO,22071219CG,12
POCO,22101320G,13
POCO,22101320G,12
POCO,22101320G,14
POCO,22111317PG,12
POCO,22111317PG,13
POCO,22111317PG,14
POCO,23013PC75G,14
POCO,23013PC75G,15
POCO,23013PC75G,13
POCO,23049PCD8G,13
POCO,23049PCD8G,14
POCO,2310FPCA4G,14
POCO,2310FPCA4G,15
POCO,2310FPCA4G,13
POCO,23113RKC6G,14
POCO,23113RKC6G,15
POCO,2311DRK48G,15
POCO,2311DRK48G,14
POCO,23122PCD1G,13
POCO,23122PCD1G,14
POCO,2312FPCA6G,13
POCO,2312FPCA6G,14
POCO,2404APC5FG,15
POCO,24069PC21G,14
POCO,24069PC21G,15
POCO,2412DPC0AG,15
POCO,M2007J20CG,10
POCO,M2007J20CG,11
POCO,M2007J20CG,12
POCO,M2010J19CG,12
POCO,M2010J19CG,11
POCO,M2010J19CG,10
POCO,M2012K11AG,14
POCO,M2012K11AG,12
POCO,M2012K11AG,11
POCO,M2012K11AG,13
POCO,M2102J20SG,13
POCO,M2102J20SG,11
POCO,M2102J20SG,12
POCO,M2103K19PG,13
POCO,M2103K19PG,11
POCO,M2103K19PG,12
POCO,POCO F2 Pro,12
POCO,POCO F2 Pro,10
PRITOM,M10,10
Philco,Hit P10,10
Redmi,21061119AG,12
Redmi,21061119AL,11
Redmi,21061119AL,13
Redmi,21061119AL,12
Redmi,21091116UG,11
Redmi,21091116UG,12
Redmi,21091116UG,13
Redmi,21121119SG,12
Redmi,21121119VL,11
Redmi,21121119VL,12
Redmi,21121119VL,13
Redmi,22011119UY,12
Redmi,2201116SG,12
Redmi,2201116SG,11
Redmi,2201116SG,13
Redmi,2201116TG,13
Redmi,2201116TG,12
Redmi,2201116TG,11
Redmi,2201117SG,12
Redmi,2201117SG,13
Redmi,2201117SG,11
Redmi,2201117SL,11
Redmi,2201117SL,13
Redmi,2201117SL,12
Redmi,2201117SY,13
Redmi,2201117SY,11
Redmi,2201117TG,11
Redmi,2201117TG,12
Redmi,2201117TG,13
Redmi,2201117TL,13
Redmi,2201117TL,12
Redmi,2201117TL,11
Redmi,2201117TY,13
Redmi,2201117TY,11
Redmi,2201117TY,12
Redmi,220233L2G,11
Redmi,22031116BG,12
Redmi,22031116BG,13
Redmi,220333QAG,13
Redmi,220333QAG,12
Redmi,220333QAG,11
Redmi,220333QL,11
Redmi,220333QL,12
Redmi,220333QL,13
Redmi,220333QNY,11
Redmi,220333QNY,13
Redmi,22041219G,14
Redmi,22041219I,13
Redmi,22041219NY,14
Redmi,22041219NY,13
Redmi,220733SL,12
Redmi,22081283G,14
Redmi,2209116AG,13
Redmi,2209116AG,11
Redmi,22101316G,14
Redmi,22101316G,13
Redmi,22101316G,12
Redmi,22101316UG,12
Redmi,22101316UG,13
Redmi,22101316UG,14
Redmi,22111317G,14
Redmi,22120RN86G,14
Redmi,22126RN91Y,13
Redmi,2212ARNC4L,13
Redmi,2212ARNC4L,14
Redmi,2212ARNC4L,12
Redmi,23013RK75C,13
Redmi,23013RK75C,14
Redmi,23021RAA2Y,14
Redmi,23021RAAEG,15
Redmi,23021RAAEG,14
Redmi,23026RN54G,13
Redmi,23028RA60L,13
Redmi,23028RA60L,15
Redmi,23028RA60L,14
Redmi,23030RAC7Y,14
Redmi,2303CRA44A,14
Redmi,2303CRA44A,13
Redmi,2303ERA42L,15
Redmi,2303ERA42L,14
Redmi,2303ERA42L,13
Redmi,23053RN02L,15
Redmi,23053RN02L,14
Redmi,23053RN02L,13
Redmi,23073RPBFL,14
Redmi,23076RN8DY,14
Redmi,23076RN8DY,13
Redmi,23090RA98G,15
Redmi,23090RA98G,13
Redmi,23090RA98G,14
Redmi,23100RN82L,14
Redmi,23100RN82L,15
Redmi,23100RN82L,13
Redmi,23108RN04Y,13
Redmi,23117RA68G,15
Redmi,23117RA68G,13
Redmi,23117RA68G,14
Redmi,23124RA7EO,15
Redmi,23124RA7EO,14
Redmi,23124RA7EO,13
Redmi,23124RN87G,13
Redmi,23124RN87G,15
Redmi,23124RN87G,14
Redmi,23129RA5FL,14
Redmi,23129RA5FL,15
Redmi,23129RA5FL,13
Redmi,23129RAA4G,13
Redmi,23129RAA4G,14
Redmi,2312CRNCCL,14
Redmi,2312DRA50G,15
Redmi,2312DRA50G,14
Redmi,2312DRA50G,13
Redmi,2312DRAABG,14
Redmi,2312DRAABG,15
Redmi,2312DRAABG,13
Redmi,24044RN32L,14
Redmi,24044RN32L,15
Redmi,24049RN28L,15
Redmi,24049RN28L,14
Redmi,2405CRPFDG,14
Redmi,2405CRPFDL,14
Redmi,24069RA21C,14
Redmi,24090RA29G,14
Redmi,24094RAD4G,14
Redmi,2409BRN2CL,14
Redmi,2409BRN2CY,14
Redmi,24115RA8EC,14
Redmi,24115RA8EG,14
Redmi,24116RACCG,14
Redmi,24117RN76L,14
Redmi,M1908C3JGG,13
Redmi,M1908C3JGG,12
Redmi,M1908C3JGG,11
Redmi,M2003J15SC,10
Redmi,M2003J15SC,12
Redmi,M2003J15SC,11
Redmi,M2004J19C,11
Redmi,M2004J19C,12
Redmi,M2004J19C,10
Redmi,M2006C3LG,10
Redmi,M2006C3LG,11
Redmi,M2006C3MG,11
Redmi,M2006C3MG,10
Redmi,M2006C3MNG,10
Redmi,M2007J22G,12
Redmi,M2010J19SG,10
Redmi,M2010J19SL,11
Redmi,M2010J19SL,10
Redmi,M2010J19SL,12
Redmi,M2012K10C,13
Redmi,M2101K6G,11
Redmi,M2101K6G,13
Redmi,M2101K6G,12
Redmi,M2101K6R,12
Redmi,M2101K6R,11
Redmi,M2101K7AG,12
Redmi,M2101K7AG,11
Redmi,M2101K7BG,13
Redmi,M2101K7BG,11
Redmi,M2101K7BG,12
Redmi,M2101K7BL,11
Redmi,M2101K7BL,12
Redmi,M2101K7BL,13
Redmi,M2101K7BNY,13
Redmi,M2101K7BNY,12
Redmi,M2103K19G,12
Redmi,M2103K19G,13
Redmi,M2103K19G,11
Redmi,M2104K10AC,13
Redmi,M2104K10AC,11
Redmi,Redmi Note 8 Pro,11
Redmi,Redmi Note 8 Pro,10
Redmi,Redmi Note 8 Pro,9
Redmi,Redmi Note 9 Pro,10
Redmi,Redmi Note 9 Pro,11
Redmi,Redmi Note 9 Pro,12
Redmi,Redmi Note 9S,11
Redmi,Redmi Note 9S,10
Redmi,Redmi Note 9S,12
Redmi,lime,12
Sony,G3223,8.0.0
Sony,G8141,9
Sony,H3123,9
Sony,H3223,9
Sony,XQ-AS72,12
Sony,XQ-AT51,12
Sony,XQ-BC62,13
Sony,XQ-BQ72,13
Sony,XQ-CQ72,14
Sony,XQ-CT72,14
Sony,XQ-DC72,14
Sony,XQ-DQ72,14
T-Mobile,REVVL V+ 5G,12
TCL,5024J,9
TCL,6165A,12
TCL,9137W,12
TCL,T509A,14
TCL,T610E,13
TCL,T612B,13
TCL,T671E,11
TCL,T671O,11
TCL,T766J,11
TCL,T770B,11
TCL,T799B,11
TCL,T803E,14
TCL,T810S,11
TECNO,TECNO BF7,12
TECNO,TECNO BG6,13
TECNO,TECNO BG7,13
TECNO,TECNO CE7j,11
TECNO,TECNO CE9,11
TECNO,TECNO CH7n,12
TECNO,TECNO CK9n,14
TECNO,TECNO CLA6,14
TECNO,TECNO KE5k,10
TECNO,TECNO KE7,10
TECNO,TECNO KG7,11
TECNO,TECNO KI5k,12
TECNO,TECNO KI7,13
TECNO,TECNO KJ5,13
TECNO,TECNO KJ6,13
TECNO,TECNO KJ7,14
TECNO,TECNO LE6,11
TECNO,TECNO LH7n,13
TECNO,TECNO LH7n,14
TECNO,TECNO LH8n,14
TECNO,TECNO LH8n,13
TECNO,TECNO PR651,11
UMIDIGI,A11 Pro Max,11
UMIDIGI,A9 Pro,10
UMIDIGI,A9 Pro,11
UMIDIGI,BISON,11
UMIDIGI,BISON,10
UMIDIGI,BISON Pro,11
UMIDIGI,MP05,11
UMIDIGI,Power 5,11
UMIDIGI,RP01,11
UMIDIGI,RP02,12
UMIDIGI,RP03,12
UMIDIGI,S5 Pro,10
Ulefone,Armor X5,11
Ulefone,Power Armor 16 Pro,12
Ulefone,Power Armor 19,12
WIKO,U307AS,9
Wings_Mobile,W7,10
Xiaomi,21051182G,13
Xiaomi,2107113SG,13
Xiaomi,2107113SG,11
Xiaomi,2107113SG,14
Xiaomi,2107113SG,12
Xiaomi,2107113SG,15
Xiaomi,21081111RG,11
Xiaomi,21081111RG,12
Xiaomi,21081111RG,13
Xiaomi,21081111RG,14
Xiaomi,2109119DG,11
Xiaomi,2109119DG,13
Xiaomi,2109119DG,14
Xiaomi,2109119DG,12
Xiaomi,2109119DI,14
Xiaomi,2112123AG,11
Xiaomi,2112123AG,13
Xiaomi,2201122G,12
Xiaomi,2201122G,13
Xiaomi,2201122G,15
Xiaomi,2201122G,14
Xiaomi,2201123G,12
Xiaomi,2201123G,14
Xiaomi,2201123G,15
Xiaomi,2201123G,13
Xiaomi,2203121C,13
Xiaomi,2203129G,13
Xiaomi,2203129G,12
Xiaomi,2203129G,14
Xiaomi,22071212AG,13
Xiaomi,22071212AG,12
Xiaomi,22071212AG,14
Xiaomi,22081212UG,12
Xiaomi,22081212UG,14
Xiaomi,22081212UG,13
Xiaomi,2210129SG,13
Xiaomi,2210129SG,15
Xiaomi,2210129SG,14
Xiaomi,2210129SG,12
Xiaomi,2210132G,14
Xiaomi,2304FPN6DC,14
Xiaomi,2304FPN6DG,14
Xiaomi,2304FPN6DG,13
Xiaomi,2306EPN60G,14
Xiaomi,2306EPN60G,15
Xiaomi,2306EPN60G,13
Xiaomi,23078PND5G,14
Xiaomi,23078PND5G,13
Xiaomi,23078PND5G,15
Xiaomi,23116PN5BC,14
Xiaomi,23127PN0CG,14
Xiaomi,23127PN0CG,15
Xiaomi,24030PN60G,14
Xiaomi,24030PN60G,15
Xiaomi,2406APNFAG,15
Xiaomi,2406APNFAG,14
Xiaomi,2407FPN8EG,15
Xiaomi,2407FPN8EG,14
Xiaomi,25010PN30G,15
Xiaomi,M2007J3SG,12
Xiaomi,M2007J3SG,10
Xiaomi,M2007J3SY,12
Xiaomi,M2007J3SY,10
Xiaomi,M2011K2G,14
Xiaomi,M2012K11G,14
Xiaomi,M2101K9AG,12
Xiaomi,M2101K9AG,11
Xiaomi,M2101K9AG,13
Xiaomi,M2101K9G,11
Xiaomi,M2101K9G,12
Xiaomi,M2101K9G,13
Xiaomi,M2101K9R,13
Xiaomi,M2102K1C,14
Xiaomi,M2102K1G,14
Xiaomi,M2102K1G,13
Xiaomi,MI 8,10
Xiaomi,MI 8 Lite,10
Xiaomi,MI 9,11
Xiaomi,MI 9,10
Xiaomi,MI CC 9e,10
Xiaomi,MI MAX 3,10
Xiaomi,Mi 10,13
Xiaomi,Mi 9 Lite,11
Xiaomi,Mi 9 SE,11
Xiaomi,Mi 9T,10
Xiaomi,Mi 9T,11
Xiaomi,Mi 9T Pro,15
Xiaomi,Mi 9T Pro,10
Xiaomi,Mi 9T Pro,11
Xiaomi,Mi 9T Pro,9
Xiaomi,Mi A3,11
Xiaomi,Mi Note 10,11
Xiaomi,Mi Note 10 Lite,10
Xiaomi,Mi Note 10 Lite,12
Xiaomi,Mi Note 10 Pro,11
Xiaomi,POCO F1,10
Xiaomi,POCOPHONE F1,10
Xiaomi,Redmi 5,8.1.0
Xiaomi,Redmi 7A,10
Xiaomi,Redmi 8,10
Xiaomi,Redmi 8A,10
Xiaomi,agate,11
ZTE,Z2350,13
ZTE,Z2359,13
ZTE,Z2450,14
ZTE,Z2453,14
ZTE,Z2459,14
ZTE,ZTE 2050,9
ZTE,ZTE 7060,13
ZTE,ZTE 8010,10
ZTE,ZTE 8030,11
ZTE,ZTE 8045,11
ZTE,ZTE 8046,12
ZTE,ZTE 8050,13
ZTE,ZTE 8550,13
ZTE,ZTE 9047,12
ZTE,ZTE 9050N,13
ZTE,ZTE A7020,10
ZTE,ZTE A7030,11
ZTE,ZTE A7050,12
ZTE,ZTE Blade A3 2020,9
ZTE,ZTE Blade A3 Lite,9
ZTE,ZTE Blade A34,13
ZTE,ZTE Blade A5 2020,11
ZTE,ZTE Blade A5 2020,9
ZTE,ZTE Blade A51,11
ZTE,ZTE Blade A52,11
ZTE,ZTE Blade A52 Lite,11
ZTE,ZTE Blade A53+,12
ZTE,ZTE Blade A54,13
ZTE,ZTE Blade A7 2020,9
ZTE,ZTE Blade L8,9
ZTE,ZTE Blade V10 Vita,9
asus,ASUS_AI2201_A,13
asus,ASUS_AI2203_C,12
asus,ASUS_AI2205_C,14
asus,ASUS_AI2401_D,14
asus,ASUS_I002D,12
asus,ASUS_I005DA,11
asus,ASUS_I005DA,13
blackshark,DLT-H0,10
blackshark,SHARK PRS-H0,11
google,Pixel 4,13
google,Pixel 4 XL,13
google,Pixel 4a,12
google,Pixel 4a,13
google,Pixel 4a (5G),14
google,Pixel 5,14
google,Pixel 6,13
google,Pixel 6,15
google,Pixel 6,14
google,Pixel 6 Pro,15
google,Pixel 6 Pro,14
google,Pixel 6a,13
google,Pixel 6a,14
google,Pixel 6a,15
google,Pixel 7,15
google,Pixel 7,14
google,Pixel 7 Pro,13
google,Pixel 7 Pro,14
google,Pixel 7 Pro,15
google,Pixel 7a,15
google,Pixel 7a,14
google,Pixel 8,14
google,Pixel 8,15
google,Pixel 8 Pro,15
google,Pixel 8 Pro,14
google,Pixel 8a,14
google,Pixel 8a,15
google,Pixel 9,15
google,Pixel 9 Pro,14
google,Pixel 9 Pro,15
google,Pixel 9 Pro Fold,14
google,Pixel 9 Pro XL,15
google,Pixel 9 Pro XL,14
google,Pixel 9 Pro XL,16
htc,HTC U20 5G,10
lge,LG-H930,8.0.0
lge,LM-G710,9
lge,LM-G710,10
lge,LM-G810,12
lge,LM-G820N,12
lge,LM-G850,12
lge,LM-G900,13
lge,LM-G910,12
lge,LM-K200,10
lge,LM-K410,11
lge,LM-K420,12
lge,LM-K420,10
lge,LM-K510,11
lge,LM-K520,12
lge,LM-K520,10
lge,LM-K525,12
lge,LM-Q630,11
lge,LM-Q730,10
lge,LM-Q850,8.1.0
lge,LM-V350,8.0.0
lge,LM-V405,8.1.0
lge,LM-V450,10
lge,LM-V600,13
lge,LM-V600,12
lge,LM-V600,10
lge,LM-X420,9
lge,LM-X420,8.1.0
lge,LM-X430,10
lge,LM-X510WM,8.1.0
lge,LM-X520,10
lge,LM-X525,10
lge,LM-X540,10
motorola,Moto G (5),8.1.0
motorola,Moto G (5) Plus,8.1.0
motorola,ThinkPhone by motorola,14
motorola,moto e(6) plus,9
motorola,moto e(7),10
motorola,moto e(7i) power,10
motorola,moto e13,13
motorola,moto e14,14
motorola,moto e20,11
motorola,moto e22,12
motorola,moto e22i,12
motorola,moto e30,11
motorola,moto e32,11
motorola,moto e5 plus,8.0.0
motorola,moto e6s,9
motorola,moto g 5G,11
motorola,moto g 5G,14
motorola,moto g 5G (2022),13
motorola,moto g 5G - 2023,13
motorola,moto g 5G - 2023,14
motorola,moto g 5G - 2024,14
motorola,moto g 5G plus,11
motorola,moto g power (2021),11
motorola,moto g power (2022),12
motorola,moto g power 5G - 2023,14
motorola,moto g power 5G - 2023,13
motorola,moto g power 5G - 2024,15
motorola,moto g pure,12
motorola,moto g stylus,11
motorola,moto g stylus (2021),11
motorola,moto g stylus (2022),12
motorola,moto g stylus 5G,12
motorola,moto g stylus 5G (2022),13
motorola,moto g stylus 5G - 2023,14
motorola,moto g stylus 5G - 2023,13
motorola,moto g stylus 5G - 2024,14
motorola,moto g(10),11
motorola,moto g(100),12
motorola,moto g(20),11
motorola,moto g(30),12
motorola,moto g(30),11
motorola,moto g(50),12
motorola,moto g(50) 5G,12
motorola,moto g(50) 5G,11
motorola,moto g(6),9
motorola,moto g(6) play,8.0.0
motorola,moto g(6) plus,9
motorola,moto g(6) plus,8.0.0
motorola,moto g(60),12
motorola,moto g(60)s,11
motorola,moto g(60)s,12
motorola,moto g(7),9
motorola,moto g(7) plus,10
motorola,moto g(7) power,10
motorola,moto g(7) power,9
motorola,moto g(8) play,10
motorola,moto g(8) plus,9
motorola,moto g(8) plus,10
motorola,moto g(8) power,11
motorola,moto g(8) power lite,9
motorola,moto g(8) power lite,10
motorola,moto g(9) play,10
motorola,moto g(9) play,11
motorola,moto g(9) plus,11
motorola,moto g(9) plus,10
motorola,moto g(9) power,11
motorola,moto g04,14
motorola,moto g04s,14
motorola,moto g13,14
motorola,moto g13,13
motorola,moto g14,13
motorola,moto g14,14
motorola,moto g15,15
motorola,moto g200 5G,12
motorola,moto g22,12
motorola,moto g23,14
motorola,moto g23,13
motorola,moto g24,14
motorola,moto g24 power,14
motorola,moto g31,12
motorola,moto g31,11
motorola,moto g31(w),12
motorola,moto g34 5G,14
motorola,moto g35 5G,14
motorola,moto g51 5G,12
motorola,moto g51 5G,11
motorola,moto g52,13
motorola,moto g52,12
motorola,moto g53 5G,13
motorola,moto g53 5G,14
motorola,moto g54 5G,13
motorola,moto g54 5G,14
motorola,moto g71 5G,12
motorola,moto g82 5G,13
motorola,moto g84 5G,14
motorola,moto g84 5G,13
motorola,moto g85 5G,14
motorola,moto z4,10
motorola,motorola edge,11
motorola,motorola edge (2021),13
motorola,motorola edge 20 lite,13
motorola,motorola edge 20 lite,12
motorola,motorola edge 20 pro,13
motorola,motorola edge 2024,14
motorola,motorola edge 30 fusion,14
motorola,motorola edge 30 fusion,12
motorola,motorola edge 30 fusion,13
motorola,motorola edge 30 neo,13
motorola,motorola edge 30 neo,14
motorola,motorola edge 30 neo,12
motorola,motorola edge 30 pro,13
motorola,motorola edge 30 pro,12
motorola,motorola edge 30 pro,14
motorola,motorola edge 30 ultra,12
motorola,motorola edge 30 ultra,14
motorola,motorola edge 40,13
motorola,motorola edge 40,14
motorola,motorola edge 40 neo,14
motorola,motorola edge 40 neo,13
motorola,motorola edge 50,14
motorola,motorola edge 50 fusion,14
motorola,motorola edge 50 fusion,15
motorola,motorola edge 50 pro,14
motorola,motorola edge 50 pro,15
motorola,motorola edge 50 ultra,14
motorola,motorola edge 50 ultra,15
motorola,motorola one 5G ace,11
motorola,motorola one action,11
motorola,motorola one fusion,11
motorola,motorola one fusion,10
motorola,motorola one hyper,11
motorola,motorola one macro,10
motorola,motorola one macro,9
motorola,motorola one vision,11
motorola,motorola one zoom,10
motorola,motorola razr 40,14
motorola,motorola razr 40 ultra,13
motorola,motorola razr 40 ultra,15
motorola,motorola razr 40 ultra,14
motorola,motorola razr 50,14
motorola,motorola razr 50 ultra,14
motorola,motorola razr 50 ultra,15
motorola,motorola razr plus 2023,13
nubia,NX659J,11
nubia,NX669J,12
nubia,NX669J,11
nubia,NX712J,13
nubia,NX713J,13
nubia,NX713J,14
nubia,NX721J,14
nubia,NX724J,13
nubia,NX729J,13
nubia,NX729J,14
nubia,NX769J,14
nubia,NX789J,15
nubia,Z2351N,13
nubia,Z2352N,13
nubia,Z2353,13
nubia,Z2357N,13
realme,RMX1921,11
realme,RMX1931,11
realme,RMX2001,11
realme,RMX2020,10
realme,RMX2040,11
realme,RMX2063,11
realme,RMX2086,12
realme,RMX2151,12
realme,RMX2170,11
realme,RMX2170,12
realme,RMX2170,10
realme,RMX2202,13
realme,RMX2202,14
realme,RMX3081,13
realme,RMX3085,13
realme,RMX3151,13
realme,RMX3151,12
realme,RMX3231,11
realme,RMX3241,13
realme,RMX3261,11
realme,RMX3263,11
realme,RMX3269,11
realme,RMX3301,14
realme,RMX3363,13
realme,RMX3370,13
realme,RMX3370,11
realme,RMX3371,14
realme,RMX3472,12
realme,RMX3472,14
realme,RMX3491,13
realme,RMX3491,12
realme,RMX3511,12
realme,RMX3511,13
realme,RMX3521,14
realme,RMX3521,13
realme,RMX3561,14
realme,RMX3562,14
realme,RMX3563,14
realme,RMX3624,12
realme,RMX3690,12
realme,RMX3709,15
realme,RMX3710,13
realme,RMX3740,14
realme,RMX3741,13
realme,RMX3741,14
realme,RMX3840,14
realme,RMX3851,15
realme,RMX3851,14
realme,RMX3888,14
samsung,SC-02K,10
samsung,SM-A015M,10
samsung,SM-A015M,12
samsung,SM-A015M,11
samsung,SM-A022M,11
samsung,SM-A025M,11
samsung,SM-A025M,12
samsung,SM-A025U1,12
samsung,SM-A032M,11
samsung,SM-A032M,13
samsung,SM-A032M,12
samsung,SM-A035M,13
samsung,SM-A035M,11
samsung,SM-A037M,13
samsung,SM-A037M,12
samsung,SM-A042M,13
samsung,SM-A042M,12
samsung,SM-A042M,14
samsung,SM-A045M,13
samsung,SM-A045M,12
samsung,SM-A045M,14
samsung,SM-A047M,13
samsung,SM-A047M,14
samsung,SM-A055M,14
samsung,SM-A055M,13
samsung,SM-A057M,13
samsung,SM-A057M,14
samsung,SM-A065M,14
samsung,SM-A105M,9
samsung,SM-A105M,11
samsung,SM-A105M,10
samsung,SM-A107M,10
samsung,SM-A107M,9
samsung,SM-A107M,11
samsung,SM-A115M,12
samsung,SM-A125F,12
samsung,SM-A125M,12
samsung,SM-A125M,10
samsung,SM-A125M,11
samsung,SM-A125U,12
samsung,SM-A125U1,12
samsung,SM-A127F,13
samsung,SM-A127M,12
samsung,SM-A127M,13
samsung,SM-A127M,11
samsung,SM-A135M,12
samsung,SM-A135M,14
samsung,SM-A135M,13
samsung,SM-A136U1,13
samsung,SM-A137F,14
samsung,SM-A145M,14
samsung,SM-A145M,13
samsung,SM-A145R,14
samsung,SM-A146M,14
samsung,SM-A146M,13
samsung,SM-A146U,14
samsung,SM-A155F,14
samsung,SM-A155M,14
samsung,SM-A156M,14
samsung,SM-A156U1,14
samsung,SM-A165M,14
samsung,SM-A166M,14
samsung,SM-A205G,9
samsung,SM-A205G,10
samsung,SM-A205G,11
samsung,SM-A207M,10
samsung,SM-A207M,11
samsung,SM-A207M,9
samsung,SM-A217F,12
samsung,SM-A217M,12
samsung,SM-A217M,10
samsung,SM-A217M,11
samsung,SM-A225F,13
samsung,SM-A225M,12
samsung,SM-A225M,13
samsung,SM-A225M,11
samsung,SM-A226B,13
samsung,SM-A226BR,11
samsung,SM-A226BR,12
samsung,SM-A226BR,13
samsung,SM-A235M,13
samsung,SM-A235M,12
samsung,SM-A235M,14
samsung,SM-A235N,14
samsung,SM-A245M,13
samsung,SM-A245M,14
samsung,SM-A256E,14
samsung,SM-A305G,9
samsung,SM-A305G,11
samsung,SM-A305GT,11
samsung,SM-A307FN,11
samsung,SM-A307G,11
samsung,SM-A307G,9
samsung,SM-A307G,10
samsung,SM-A307GT,11
samsung,SM-A307GT,9
samsung,SM-A315G,12
samsung,SM-A315G,10
samsung,SM-A315G,11
samsung,SM-A325M,11
samsung,SM-A325M,12
samsung,SM-A325M,13
samsung,SM-A326B,13
samsung,SM-A326U,13
samsung,SM-A326U,12
samsung,SM-A326U1,13
samsung,SM-A336E,14
samsung,SM-A336M,12
samsung,SM-A336M,13
samsung,SM-A336M,14
samsung,SM-A346E,14
samsung,SM-A346M,14
samsung,SM-A346M,13
samsung,SM-A356E,14
samsung,SM-A356U,14
samsung,SM-A366E,15
samsung,SM-A426B,12
samsung,SM-A505FN,11
samsung,SM-A505G,11
samsung,SM-A505G,10
samsung,SM-A505G,9
samsung,SM-A505GT,11
samsung,SM-A505U,11
samsung,SM-A515F,10
samsung,SM-A515F,13
samsung,SM-A515F,12
samsung,SM-A515F,11
samsung,SM-A515U1,13
samsung,SM-A515W,13
samsung,SM-A516B,13
samsung,SM-A520F,8.0.0
samsung,SM-A525F,14
samsung,SM-A525M,14
samsung,SM-A525M,11
samsung,SM-A525M,13
samsung,SM-A525M,12
samsung,SM-A526U1,14
samsung,SM-A530F,8.0.0
samsung,SM-A530F,9
samsung,SM-A536B,14
samsung,SM-A536E,13
samsung,SM-A536E,14
samsung,SM-A536E,12
samsung,SM-A536U,14
samsung,SM-A536U1,14
samsung,SM-A546B,14
samsung,SM-A546E,13
samsung,SM-A546E,14
samsung,SM-A546U,14
samsung,SM-A546U1,14
samsung,SM-A556B,14
samsung,SM-A556E,14
samsung,SM-A566E,15
samsung,SM-A605GN,10
samsung,SM-A605GN,8.0.0
samsung,SM-A705FN,11
samsung,SM-A705MN,11
samsung,SM-A705MN,10
samsung,SM-A715F,12
samsung,SM-A715F,11
samsung,SM-A715F,10
samsung,SM-A715F,13
samsung,SM-A716U1,13
samsung,SM-A720F,8.0.0
samsung,SM-A725M,14
samsung,SM-A725M,11
samsung,SM-A725M,13
samsung,SM-A725M,12
samsung,SM-A736B,14
samsung,SM-A750F,9
samsung,SM-A750G,10
samsung,SM-A750GN,10
samsung,SM-A805F,11
samsung,SM-A920F,10
samsung,SM-E625F,12
samsung,SM-E625F,13
samsung,SM-F415F,12
samsung,SM-F700F,12
samsung,SM-F711B,14
samsung,SM-F711B,12
samsung,SM-F711N,14
samsung,SM-F711U,14
samsung,SM-F711U,13
samsung,SM-F711U1,14
samsung,SM-F7210,14
samsung,SM-F721B,14
samsung,SM-F721B,13
samsung,SM-F721B,12
samsung,SM-F721U1,13
samsung,SM-F721U1,14
samsung,SM-F731B,14
samsung,SM-F731B,13
samsung,SM-F731U,14
samsung,SM-F731U1,14
samsung,SM-F741B,14
samsung,SM-F916B,13
samsung,SM-F916U1,13
samsung,SM-F926B,13
samsung,SM-F926B,14
samsung,SM-F926U,14
samsung,SM-F936B,12
samsung,SM-F936B,13
samsung,SM-F936B,14
samsung,SM-F936U1,14
samsung,SM-F946B,13
samsung,SM-F946B,14
samsung,SM-F946U,14
samsung,SM-F946U1,14
samsung,SM-F956B,14
samsung,SM-F956U1,14
samsung,SM-F956W,14
samsung,SM-G570M,8.0.0
samsung,SM-G610M,8.1.0
samsung,SM-G611M,9
samsung,SM-G715U1,11
samsung,SM-G770F,13
samsung,SM-G770F,12
samsung,SM-G770U1,13
samsung,SM-G780F,12
samsung,SM-G780F,13
samsung,SM-G780F,11
samsung,SM-G780G,12
samsung,SM-G780G,13
samsung,SM-G780G,11
samsung,SM-G781B,12
samsung,SM-G781B,13
samsung,SM-G781U,13
samsung,SM-G781U,12
samsung,SM-G781U1,13
samsung,SM-G781V,13
samsung,SM-G781V,12
samsung,SM-G781W,13
samsung,SM-G935F,8.0.0
samsung,SM-G950F,9
samsung,SM-G950U,9
samsung,SM-G950U,8.0.0
samsung,SM-G950U1,9
samsung,SM-G955F,9
samsung,SM-G955U,9
samsung,SM-G955U1,9
samsung,SM-G9600,10
samsung,SM-G9600,9
samsung,SM-G960F,9
samsung,SM-G960F,10
samsung,SM-G960U,9
samsung,SM-G960U,10
samsung,SM-G960U1,10
samsung,SM-G9650,10
samsung,SM-G965F,10
samsung,SM-G965U,10
samsung,SM-G965U1,10
samsung,SM-G965W,10
samsung,SM-G970F,12
samsung,SM-G970F,11
samsung,SM-G970U,12
samsung,SM-G970U1,12
samsung,SM-G973F,12
samsung,SM-G973F,9
samsung,SM-G973U,12
samsung,SM-G973U1,12
samsung,SM-G975F,12
samsung,SM-G975F,11
samsung,SM-G975F,10
samsung,SM-G975F,9
samsung,SM-G975U,11
samsung,SM-G975U,12
samsung,SM-G975U,10
samsung,SM-G975U1,12
samsung,SM-G977N,12
samsung,SM-G980F,10
samsung,SM-G980F,12
samsung,SM-G980F,13
samsung,SM-G981U,10
samsung,SM-G981U,13
samsung,SM-G981U,11
samsung,SM-G981U1,13
samsung,SM-G981W,13
samsung,SM-G985F,12
samsung,SM-G985F,13
samsung,SM-G985F,11
samsung,SM-G9860,13
samsung,SM-G986U,13
samsung,SM-G986U,12
samsung,SM-G986U,11
samsung,SM-G986U1,13
samsung,SM-G9880,13
samsung,SM-G988B,13
samsung,SM-G988B,12
samsung,SM-G988B,10
samsung,SM-G988U,13
samsung,SM-G988U,10
samsung,SM-G988U,11
samsung,SM-G988U1,13
samsung,SM-G9900,14
samsung,SM-G990B2,14
samsung,SM-G990B2,13
samsung,SM-G990E,14
samsung,SM-G990E,13
samsung,SM-G990E,12
samsung,SM-G990U,13
samsung,SM-G990U,12
samsung,SM-G990U,14
samsung,SM-G990U1,14
samsung,SM-G990U2,13
samsung,SM-G991B,14
samsung,SM-G991B,13
samsung,SM-G991B,11
samsung,SM-G991B,12
samsung,SM-G991N,14
samsung,SM-G991U,13
samsung,SM-G991U,12
samsung,SM-G991U,14
samsung,SM-G991U1,11
samsung,SM-G991U1,14
samsung,SM-G996B,14
samsung,SM-G996B,13
samsung,SM-G996B,12
samsung,SM-G996N,14
samsung,SM-G996U,13
samsung,SM-G996U,14
samsung,SM-G996U,12
samsung,SM-G996U,11
samsung,SM-G996U1,14
samsung,SM-G998B,13
samsung,SM-G998B,12
samsung,SM-G998B,14
samsung,SM-G998B,11
samsung,SM-G998U,13
samsung,SM-G998U,12
samsung,SM-G998U,11
samsung,SM-G998U,14
samsung,SM-G998U1,14
samsung,SM-G998U1,13
samsung,SM-J260M,8.1.0
samsung,SM-J400M,10
samsung,SM-J400M,9
samsung,SM-J415G,9
samsung,SM-J415G,8.1.0
samsung,SM-J600G,10
samsung,SM-J610G,10
samsung,SM-J701M,9
samsung,SM-J710MN,8.1.0
samsung,SM-J730GM,9
samsung,SM-J810M,10
samsung,SM-M115M,12
samsung,SM-M127F,12
samsung,SM-M127F,13
samsung,SM-M146B,14
samsung,SM-M225FV,13
samsung,SM-M225FV,12
samsung,SM-M305M,10
samsung,SM-M315F,10
samsung,SM-M315F,12
samsung,SM-M325FV,13
samsung,SM-M515F,12
samsung,SM-M526B,13
samsung,SM-M536B,14
samsung,SM-M546B,14
samsung,SM-M556B,14
samsung,SM-N770F,13
samsung,SM-N950F,9
samsung,SM-N950U,9
samsung,SM-N950U1,9
samsung,SM-N9600,9
samsung,SM-N9600,10
samsung,SM-N960F,10
samsung,SM-N960U,10
samsung,SM-N960U,9
samsung,SM-N960U1,10
samsung,SM-N970F,12
samsung,SM-N970U,12
samsung,SM-N970U,11
samsung,SM-N970U1,12
samsung,SM-N9750,10
samsung,SM-N9750,12
samsung,SM-N975F,12
samsung,SM-N975U,11
samsung,SM-N975U,10
samsung,SM-N975U,12
samsung,SM-N975U1,11
samsung,SM-N975U1,12
samsung,SM-N976U,12
samsung,SM-N980F,13
samsung,SM-N981U,13
samsung,SM-N981U,12
samsung,SM-N981U1,13
samsung,SM-N985F,10
samsung,SM-N985F,13
samsung,SM-N9860,13
samsung,SM-N986B,13
samsung,SM-N986N,13
samsung,SM-N986U,13
samsung,SM-N986U,12
samsung,SM-N986U1,13
samsung,SM-P610,12
samsung,SM-P610,13
samsung,SM-P613,13
samsung,SM-P613,14
samsung,SM-P615,13
samsung,SM-P620,14
samsung,SM-S711B,14
samsung,SM-S711B,13
samsung,SM-S711U1,14
samsung,SM-S721B,14
samsung,SM-S9010,14
samsung,SM-S901B,14
samsung,SM-S901B,13
samsung,SM-S901E,14
samsung,SM-S901E,13
samsung,SM-S901E,12
samsung,SM-S901U,13
samsung,SM-S901U,14
samsung,SM-S901U1,14
samsung,SM-S9060,13
samsung,SM-S9060,14
samsung,SM-S906E,12
samsung,SM-S906E,13
samsung,SM-S906E,14
samsung,SM-S906U,13
samsung,SM-S906U,12
samsung,SM-S906U,14
samsung,SM-S906U1,14
samsung,SM-S906W,14
samsung,SM-S9080,13
samsung,SM-S9080,14
samsung,SM-S908B,14
samsung,SM-S908E,12
samsung,SM-S908E,13
samsung,SM-S908E,14
samsung,SM-S908N,14
samsung,SM-S908U,12
samsung,SM-S908U,14
samsung,SM-S908U,13
samsung,SM-S908U1,13
samsung,SM-S908U1,14
samsung,SM-S908W,14
samsung,SM-S911B,13
samsung,SM-S911B,14
samsung,SM-S911U,13
samsung,SM-S911U,14
samsung,SM-S911U1,13
samsung,SM-S911U1,14
samsung,SM-S911W,14
samsung,SM-S916B,13
samsung,SM-S916B,14
samsung,SM-S916U,14
samsung,SM-S916U1,14
samsung,SM-S918B,13
samsung,SM-S918B,14
samsung,SM-S918N,14
samsung,SM-S918U,13
samsung,SM-S918U,14
samsung,SM-S918U1,14
samsung,SM-S918U1,13
samsung,SM-S918W,14
samsung,SM-S921B,14
samsung,SM-S921U,14
samsung,SM-S921U1,14
samsung,SM-S921W,14
samsung,SM-S9260,14
samsung,SM-S926B,14
samsung,SM-S926U,14
samsung,SM-S926U1,14
samsung,SM-S928B,14
samsung,SM-S928U,14
samsung,SM-S928U1,14
samsung,SM-S931B,15
samsung,SM-S931U1,15
samsung,SM-S936B,15
samsung,SM-S936U1,15
samsung,SM-S938B,15
samsung,SM-S938U,15
samsung,SM-S938U1,15
samsung,SM-T500,12
samsung,SM-T510,11
samsung,SM-T720,11
samsung,SM-T733,14
samsung,SM-T860,11
samsung,SM-T870,13
samsung,SM-T970,13
samsung,SM-X510,14
samsung,SM-X800,14
samsung,SM-X810,14
samsung,SM-X900,14
surface,Surface Duo,12
vivo,V2023,12
vivo,V2027,12
vivo,V2028,10
vivo,V2028,12
vivo,V2035,13
vivo,V2050,13
vivo,V2057,13
vivo,V2058,13
vivo,V2110,13
vivo,V2110,11
vivo,V2127,13
vivo,V2127,14
vivo,V2145A,14
vivo,V2202,14
vivo,V2204,12
vivo,V2205,13
vivo,V2205,14
vivo,V2206,13
vivo,V2206,14
vivo,V2242,15
vivo,V2242,14
vivo,V2247,14
vivo,V2248,14
vivo,V2332,14
vivo,V2349,14
vivo,V2351,14
vivo,V2418,15
vivo,V2418,14
vivo,V2440,15
vivo,vivo 1935,12
vivo,vivo 1938,12
xiaomi,Mi A1,9
xiaomi,Mi A2,10
xiaomi,Mi A2 Lite,10
xiaomi,Redmi 5 Plus,8.1.0
xiaomi,Redmi 6,8.1.0
xiaomi,Redmi 7,10
xiaomi,Redmi Note 5,9
xiaomi,Redmi Note 6 Pro,9
xiaomi,Redmi Note 7,9
xiaomi,Redmi Note 7,10
xiaomi,Redmi Note 8,9
xiaomi,Redmi Note 8,10
xiaomi,Redmi Note 8,11
xiaomi,Redmi Note 8T,9